<?xml version="1.0"?>

<config xmlns:xsi="http://www.w3.org/2001/XMLSchema-instance"
        xsi:noNamespaceSchemaLocation="urn:magento:module:Magento_Config:etc/system_file.xsd">
    <system>
        <tab id="Vdcstore" translate="label" sortOrder="9999">
            <label><![CDATA[Vdcstore]]></label>
        </tab>
        <section id="buynow" translate="label" type="text" sortOrder="10" showInDefault="1" showInWebsite="1"
                 showInStore="1">
            <label>Buy NOw</label>
            <tab>Vdcstore</tab>
            <resource>Vdcstore_BuyNow::buynow_configuration</resource>

            <group id="general" translate="label" type="text" sortOrder="10" showInDefault="1" showInWebsite="1"
                   showInStore="1">
                <label>General</label>
                <field id="show_buy_now_button" translate="label" type="select" sortOrder="10"
                       showInDefault="1">
                    <label>Show Buy Now Button</label>
                    <comment>Yes No To Show Buy Now Button</comment>
                    <source_model>Magento\Config\Model\Config\Source\Yesno</source_model>
                </field>
            </group>
            <group id="advance" translate="label" type="text" sortOrder="10" showInDefault="1" showInWebsite="1"
                   showInStore="1">
                <label>Advance Configuratrion</label>
                  <field id="button_title" type="text" translate="label comment" sortOrder="20" showInDefault="1"
                       showInWebsite="1" showInStore="0">
                    <label>Button</label>
                    <validate>required-entry</validate>
                </field>
                <field id="show_on_catalog" translate="label" type="select" sortOrder="10"
                       showInDefault="1">
                    <label>Show On Catalog</label>
                    <source_model>Magento\Config\Model\Config\Source\Yesno</source_model>
                </field>     
                 <field id="show_on_product_detail" translate="label" type="select" sortOrder="10"
                       showInDefault="1">
                    <label>Show On Detail</label>
                    <source_model>Magento\Config\Model\Config\Source\Yesno</source_model>
                </field>
                <field id="show_on_search_result" translate="label" type="select" sortOrder="10"
                       showInDefault="1">
                    <label>Show On Search Result</label>
                    <source_model>Magento\Config\Model\Config\Source\Yesno</source_model>
                </field>     
                 <field id="show_on_related_product" translate="label" type="select" sortOrder="10"
                       showInDefault="1">
                    <label>Show On Related Product</label>
                    <source_model>Magento\Config\Model\Config\Source\Yesno</source_model>
                </field>   
                <field id="show_on_upsell_product" translate="label" type="select" sortOrder="10"
                       showInDefault="1">
                    <label>Show On Upsell Product</label>
                    <source_model>Magento\Config\Model\Config\Source\Yesno</source_model>
                </field>   
                <field id="show_on_crosssell_product" translate="label" type="select" sortOrder="10"
                       showInDefault="1">
                    <label>Show On Cross Sell Product</label>
                    <source_model>Magento\Config\Model\Config\Source\Yesno</source_model>
                </field>   
                <field id="show_on_wishlist_page" translate="label" type="select" sortOrder="10"
                       showInDefault="1">
                    <label>Show On Wishlist Page</label>
                    <source_model>Magento\Config\Model\Config\Source\Yesno</source_model>
                </field>    
                <field id="show_on_compareproduct_list" translate="label" type="select" sortOrder="10"
                       showInDefault="1">
                    <label>Show On Compare Product Paage</label>
                    <source_model>Magento\Config\Model\Config\Source\Yesno</source_model>
                </field>   
                <field id="keep_product_incard" translate="label" type="select" sortOrder="10"
                       showInDefault="1">
                    <label>Keep Product In Card</label>
                    <source_model>Magento\Config\Model\Config\Source\Yesno</source_model>
                </field>      
                     
            </group>
        </section>
    </system>
</config>
